<?xml version="1.0" encoding="UTF-8"?>
<project-private xmlns="http://www.netbeans.org/ns/project-private/1">
    <editor-bookmarks xmlns="http://www.netbeans.org/ns/editor-bookmarks/2" lastBookmarkId="0"/>
    <open-files xmlns="http://www.netbeans.org/ns/projectui-open-files/2">
        <group>
            <file>file:/C:/Users/HP/Documents/NetBeansProjects/Mobile%20store%20Management/src/AlertDialog.java</file>
            <file>file:/C:/Users/HP/Documents/NetBeansProjects/Mobile%20store%20Management/src/SplashScreen.java</file>
            <file>file:/C:/Users/HP/Documents/NetBeansProjects/Mobile%20store%20Management/src/Log_Out.java</file>
            <file>file:/C:/Users/HP/Documents/NetBeansProjects/Mobile%20store%20Management/src/Update_Mobile.java</file>
            <file>file:/C:/Users/HP/Documents/NetBeansProjects/Mobile%20store%20Management/src/Delete_Mobile.java</file>
            <file>file:/C:/Users/HP/Documents/NetBeansProjects/Mobile%20store%20Management/src/login.java</file>
            <file>file:/C:/Users/HP/Documents/NetBeansProjects/Mobile%20store%20Management/src/Stock.java</file>
            <file>file:/C:/Users/HP/Documents/NetBeansProjects/Mobile%20store%20Management/src/Buy.java</file>
            <file>file:/C:/Users/HP/Documents/NetBeansProjects/Mobile%20store%20Management/src/Acessories.java</file>
            <file>file:/C:/Users/HP/Documents/NetBeansProjects/Mobile%20store%20Management/src/Search_Mobile.java</file>
            <file>file:/C:/Users/HP/Documents/NetBeansProjects/Mobile%20store%20Management/src/Home.java</file>
            <file>file:/C:/Users/HP/Documents/NetBeansProjects/Mobile%20store%20Management/src/Mobile_Store_management.java</file>
            <file>file:/C:/Users/HP/Documents/NetBeansProjects/Mobile%20store%20Management/src/Insert_Mobile.java</file>
            <file>file:/C:/Users/HP/Documents/NetBeansProjects/Mobile%20store%20Management/src/Change_password.java</file>
        </group>
    </open-files>
</project-private>
